model,accuracy,f1_score,AUC,hyperparameters
CalibratedClassifierCV_TfidfVectorizer,"[0.6319047619047619, 0.6504761904761904, 0.6366666666666667, 0.6447619047619048, 0.6376190476190476, 0.6666666666666666, 0.6366666666666667, 0.6528571428571428, 0.6290476190476191, 0.63]","[0.6310262529832935, 0.6544256120527306, 0.6361468764902242, 0.6481132075471698, 0.6398485565546617, 0.6701225259189444, 0.6449511400651465, 0.6500240038406145, 0.6327204148986327, 0.6298237255836112]","[0.67956462585034, 0.7036507936507936, 0.6893678004535146, 0.699112925170068, 0.6917160997732427, 0.7255419501133787, 0.6912598639455783, 0.7043600907029479, 0.6847065759637189, 0.6887473922902494]","[{'clf__estimator__C': 1, 'clf__estimator__loss': 'hinge', 'clf__estimator__max_iter': 2000}, {'clf__estimator__C': 0.5, 'clf__estimator__loss': 'hinge', 'clf__estimator__max_iter': 2000}, {'clf__estimator__C': 0.5, 'clf__estimator__loss': 'hinge', 'clf__estimator__max_iter': 2000}, {'clf__estimator__C': 0.5, 'clf__estimator__loss': 'hinge', 'clf__estimator__max_iter': 2000}, {'clf__estimator__C': 0.5, 'clf__estimator__loss': 'hinge', 'clf__estimator__max_iter': 2000}, {'clf__estimator__C': 0.5, 'clf__estimator__loss': 'hinge', 'clf__estimator__max_iter': 2000}, {'clf__estimator__C': 0.5, 'clf__estimator__loss': 'hinge', 'clf__estimator__max_iter': 2000}, {'clf__estimator__C': 0.5, 'clf__estimator__loss': 'hinge', 'clf__estimator__max_iter': 2000}, {'clf__estimator__C': 0.5, 'clf__estimator__loss': 'hinge', 'clf__estimator__max_iter': 2000}, {'clf__estimator__C': 0.5, 'clf__estimator__loss': 'hinge', 'clf__estimator__max_iter': 2000}]"
CalibratedClassifierCV_TfidfVectorizer_VP,"[0.8004761904761905, 0.8023809523809524, 0.8080952380952381, 0.799047619047619, 0.8061904761904762, 0.81, 0.8042857142857143, 0.8266666666666667, 0.8014285714285714, 0.8033333333333333]","[0.7980722891566265, 0.7994200096665055, 0.8061568061568062, 0.7957405614714425, 0.803096274794388, 0.8064046579330422, 0.7976366322008862, 0.822265625, 0.797277588721439, 0.8005794302269436]","[0.8552108843537416, 0.8631102040816326, 0.8618875283446712, 0.8570548752834468, 0.8658394557823129, 0.8730739229024942, 0.8684861678004534, 0.881443083900227, 0.8493206349206349, 0.8645886621315193]","[{'clf__estimator__C': 1, 'clf__estimator__loss': 'hinge', 'clf__estimator__max_iter': 2000}, {'clf__estimator__C': 1.5, 'clf__estimator__loss': 'hinge', 'clf__estimator__max_iter': 2000}, {'clf__estimator__C': 1, 'clf__estimator__loss': 'hinge', 'clf__estimator__max_iter': 2000}, {'clf__estimator__C': 1, 'clf__estimator__loss': 'hinge', 'clf__estimator__max_iter': 2000}, {'clf__estimator__C': 1, 'clf__estimator__loss': 'hinge', 'clf__estimator__max_iter': 2000}, {'clf__estimator__C': 0.5, 'clf__estimator__loss': 'squared_hinge', 'clf__estimator__max_iter': 2000}, {'clf__estimator__C': 1, 'clf__estimator__loss': 'hinge', 'clf__estimator__max_iter': 2000}, {'clf__estimator__C': 1, 'clf__estimator__loss': 'hinge', 'clf__estimator__max_iter': 2000}, {'clf__estimator__C': 1, 'clf__estimator__loss': 'hinge', 'clf__estimator__max_iter': 2000}, {'clf__estimator__C': 1, 'clf__estimator__loss': 'hinge', 'clf__estimator__max_iter': 2000}]"
CalibratedClassifierCV_TfidfVectorizer_WE1,"[0.6333333333333333, 0.6504761904761904, 0.6366666666666667, 0.6409523809523809, 0.6357142857142857, 0.6661904761904762, 0.6328571428571429, 0.6542857142857142, 0.6261904761904762, 0.6290476190476191]","[0.6326335877862596, 0.6570093457943925, 0.6347534705600766, 0.6460093896713615, 0.6382978723404256, 0.6663493574488338, 0.6392138511932616, 0.6546146527117032, 0.6350534635053463, 0.6274509803921569]","[0.6878938775510204, 0.7067501133786849, 0.6901097505668934, 0.6993732426303854, 0.6914920634920634, 0.7271138321995465, 0.6869850340136054, 0.7057442176870747, 0.6875356009070295, 0.6844725623582766]","[{'clf__estimator__C': 0.5, 'clf__estimator__loss': 'hinge', 'clf__estimator__max_iter': 2000}, {'clf__estimator__C': 0.5, 'clf__estimator__loss': 'hinge', 'clf__estimator__max_iter': 2000}, {'clf__estimator__C': 0.5, 'clf__estimator__loss': 'hinge', 'clf__estimator__max_iter': 2000}, {'clf__estimator__C': 0.5, 'clf__estimator__loss': 'hinge', 'clf__estimator__max_iter': 2000}, {'clf__estimator__C': 0.5, 'clf__estimator__loss': 'hinge', 'clf__estimator__max_iter': 2000}, {'clf__estimator__C': 0.5, 'clf__estimator__loss': 'hinge', 'clf__estimator__max_iter': 2000}, {'clf__estimator__C': 0.5, 'clf__estimator__loss': 'hinge', 'clf__estimator__max_iter': 2000}, {'clf__estimator__C': 0.5, 'clf__estimator__loss': 'hinge', 'clf__estimator__max_iter': 2000}, {'clf__estimator__C': 0.5, 'clf__estimator__loss': 'hinge', 'clf__estimator__max_iter': 2000}, {'clf__estimator__C': 0.5, 'clf__estimator__loss': 'hinge', 'clf__estimator__max_iter': 2000}]"
CalibratedClassifierCV_TfidfVectorizer_WE1_VP,"[0.7985714285714286, 0.7985714285714286, 0.8080952380952381, 0.7980952380952381, 0.8052380952380952, 0.8061904761904762, 0.8033333333333333, 0.8285714285714286, 0.7995238095238095, 0.8080952380952381]","[0.7971223021582734, 0.7943607194944093, 0.8055957549445248, 0.7947725072604066, 0.8023199613339778, 0.8005879470847623, 0.7998061076102763, 0.8249027237354085, 0.7957302280446386, 0.8076372315035799]","[0.8566149659863946, 0.863936507936508, 0.8621886621315193, 0.8575210884353742, 0.8658049886621315, 0.8754766439909296, 0.8659555555555555, 0.8822721088435374, 0.8502430839002268, 0.864160544217687]","[{'clf__estimator__C': 1, 'clf__estimator__loss': 'hinge', 'clf__estimator__max_iter': 2000}, {'clf__estimator__C': 1, 'clf__estimator__loss': 'hinge', 'clf__estimator__max_iter': 2000}, {'clf__estimator__C': 1, 'clf__estimator__loss': 'hinge', 'clf__estimator__max_iter': 2000}, {'clf__estimator__C': 1, 'clf__estimator__loss': 'hinge', 'clf__estimator__max_iter': 2000}, {'clf__estimator__C': 1, 'clf__estimator__loss': 'hinge', 'clf__estimator__max_iter': 2000}, {'clf__estimator__C': 1, 'clf__estimator__loss': 'hinge', 'clf__estimator__max_iter': 2000}, {'clf__estimator__C': 0.5, 'clf__estimator__loss': 'squared_hinge', 'clf__estimator__max_iter': 2000}, {'clf__estimator__C': 1, 'clf__estimator__loss': 'hinge', 'clf__estimator__max_iter': 2000}, {'clf__estimator__C': 1, 'clf__estimator__loss': 'hinge', 'clf__estimator__max_iter': 2000}, {'clf__estimator__C': 1.5, 'clf__estimator__loss': 'hinge', 'clf__estimator__max_iter': 2000}]"
CalibratedClassifierCV_CountVectorizer,"[0.6052380952380952, 0.6257142857142857, 0.6047619047619047, 0.6204761904761905, 0.6152380952380953, 0.6257142857142857, 0.6176190476190476, 0.6276190476190476, 0.6033333333333334, 0.6252380952380953]","[0.6205949656750572, 0.648479427549195, 0.6213503649635036, 0.63756252842201, 0.6370170709793351, 0.6404391582799634, 0.6423162583518931, 0.6471119133574007, 0.6232473993668024, 0.6434073402809243]","[0.6534068027210884, 0.6804571428571429, 0.6479165532879819, 0.6648943310657596, 0.6532625850340137, 0.6839909297052155, 0.6670947845804989, 0.6655537414965986, 0.6470476190476191, 0.6680997732426304]","[{'clf__estimator__C': 0.5, 'clf__estimator__loss': 'hinge', 'clf__estimator__max_iter': 2000}, {'clf__estimator__C': 0.5, 'clf__estimator__loss': 'hinge', 'clf__estimator__max_iter': 2000}, {'clf__estimator__C': 1, 'clf__estimator__loss': 'squared_hinge', 'clf__estimator__max_iter': 2000}, {'clf__estimator__C': 0.5, 'clf__estimator__loss': 'hinge', 'clf__estimator__max_iter': 2000}, {'clf__estimator__C': 0.5, 'clf__estimator__loss': 'squared_hinge', 'clf__estimator__max_iter': 2000}, {'clf__estimator__C': 0.5, 'clf__estimator__loss': 'hinge', 'clf__estimator__max_iter': 2000}, {'clf__estimator__C': 0.5, 'clf__estimator__loss': 'hinge', 'clf__estimator__max_iter': 2000}, {'clf__estimator__C': 0.5, 'clf__estimator__loss': 'squared_hinge', 'clf__estimator__max_iter': 2000}, {'clf__estimator__C': 0.5, 'clf__estimator__loss': 'squared_hinge', 'clf__estimator__max_iter': 2000}, {'clf__estimator__C': 0.5, 'clf__estimator__loss': 'hinge', 'clf__estimator__max_iter': 2000}]"
CalibratedClassifierCV_CountVectorizer_VP,"[0.7871428571428571, 0.78, 0.8080952380952381, 0.7980952380952381, 0.7961904761904762, 0.8038095238095239, 0.7823809523809524, 0.8042857142857143, 0.7819047619047619, 0.7828571428571428]","[0.7839536007733204, 0.7757281553398059, 0.8046534173533689, 0.7963496637848223, 0.7922330097087379, 0.798828125, 0.7826913932477413, 0.8003885381253035, 0.7802303262955854, 0.7824427480916031]","[0.8386639455782313, 0.8357333333333334, 0.8558757369614511, 0.8412081632653061, 0.8485197278911565, 0.8640988662131519, 0.8439047619047618, 0.8615891156462585, 0.8245251700680273, 0.8442349206349206]","[{'clf__estimator__C': 0.5, 'clf__estimator__loss': 'hinge', 'clf__estimator__max_iter': 2000}, {'clf__estimator__C': 0.5, 'clf__estimator__loss': 'squared_hinge', 'clf__estimator__max_iter': 2000}, {'clf__estimator__C': 0.5, 'clf__estimator__loss': 'hinge', 'clf__estimator__max_iter': 2000}, {'clf__estimator__C': 0.5, 'clf__estimator__loss': 'hinge', 'clf__estimator__max_iter': 2000}, {'clf__estimator__C': 0.5, 'clf__estimator__loss': 'hinge', 'clf__estimator__max_iter': 2000}, {'clf__estimator__C': 0.5, 'clf__estimator__loss': 'hinge', 'clf__estimator__max_iter': 2000}, {'clf__estimator__C': 0.5, 'clf__estimator__loss': 'squared_hinge', 'clf__estimator__max_iter': 2000}, {'clf__estimator__C': 0.5, 'clf__estimator__loss': 'hinge', 'clf__estimator__max_iter': 2000}, {'clf__estimator__C': 0.5, 'clf__estimator__loss': 'squared_hinge', 'clf__estimator__max_iter': 2000}, {'clf__estimator__C': 0.5, 'clf__estimator__loss': 'squared_hinge', 'clf__estimator__max_iter': 2000}]"
CalibratedClassifierCV_CountVectorizer_WE1,"[0.6114285714285714, 0.6366666666666667, 0.6161904761904762, 0.6190476190476191, 0.6266666666666667, 0.6323809523809524, 0.6128571428571429, 0.6323809523809524, 0.6090476190476191, 0.6285714285714286]","[0.631768953068592, 0.6598305840392331, 0.6306141154903758, 0.635036496350365, 0.6436363636363637, 0.6445672191528545, 0.6349348899865289, 0.6513098464317977, 0.630013519603425, 0.6454545454545455]","[0.6597124716553286, 0.6914993197278911, 0.6599800453514739, 0.6660181405895691, 0.6671909297052153, 0.6942467120181406, 0.6614639455782313, 0.6704589569160999, 0.6551981859410431, 0.6705877551020408]","[{'clf__estimator__C': 0.5, 'clf__estimator__loss': 'hinge', 'clf__estimator__max_iter': 2000}, {'clf__estimator__C': 0.5, 'clf__estimator__loss': 'hinge', 'clf__estimator__max_iter': 4000}, {'clf__estimator__C': 1, 'clf__estimator__loss': 'squared_hinge', 'clf__estimator__max_iter': 4000}, {'clf__estimator__C': 0.5, 'clf__estimator__loss': 'hinge', 'clf__estimator__max_iter': 2000}, {'clf__estimator__C': 0.5, 'clf__estimator__loss': 'hinge', 'clf__estimator__max_iter': 2000}, {'clf__estimator__C': 0.5, 'clf__estimator__loss': 'hinge', 'clf__estimator__max_iter': 4000}, {'clf__estimator__C': 0.5, 'clf__estimator__loss': 'squared_hinge', 'clf__estimator__max_iter': 4000}, {'clf__estimator__C': 0.5, 'clf__estimator__loss': 'squared_hinge', 'clf__estimator__max_iter': 2000}, {'clf__estimator__C': 0.5, 'clf__estimator__loss': 'squared_hinge', 'clf__estimator__max_iter': 4000}, {'clf__estimator__C': 0.5, 'clf__estimator__loss': 'hinge', 'clf__estimator__max_iter': 2000}]"
CalibratedClassifierCV_CountVectorizer_WE1_VP,"[0.7880952380952381, 0.780952380952381, 0.8085714285714286, 0.7671428571428571, 0.7942857142857143, 0.8, 0.7761904761904762, 0.800952380952381, 0.7747619047619048, 0.7957142857142857]","[0.7849202513291446, 0.777992277992278, 0.804093567251462, 0.7687943262411348, 0.7909002904162633, 0.7967086156824782, 0.7764034253092293, 0.7964946445959105, 0.7729236677868458, 0.7934520943668752]","[0.8407709750566893, 0.8360607709750567, 0.856671201814059, 0.8267455782312925, 0.8480000000000001, 0.8531718820861678, 0.8419755102040816, 0.8620190476190476, 0.8251256235827664, 0.8527573696145125]","[{'clf__estimator__C': 0.5, 'clf__estimator__loss': 'hinge', 'clf__estimator__max_iter': 2000}, {'clf__estimator__C': 0.5, 'clf__estimator__loss': 'squared_hinge', 'clf__estimator__max_iter': 4000}, {'clf__estimator__C': 0.5, 'clf__estimator__loss': 'hinge', 'clf__estimator__max_iter': 4000}, {'clf__estimator__C': 0.5, 'clf__estimator__loss': 'squared_hinge', 'clf__estimator__max_iter': 4000}, {'clf__estimator__C': 0.5, 'clf__estimator__loss': 'hinge', 'clf__estimator__max_iter': 2000}, {'clf__estimator__C': 0.5, 'clf__estimator__loss': 'squared_hinge', 'clf__estimator__max_iter': 2000}, {'clf__estimator__C': 0.5, 'clf__estimator__loss': 'squared_hinge', 'clf__estimator__max_iter': 2000}, {'clf__estimator__C': 0.5, 'clf__estimator__loss': 'hinge', 'clf__estimator__max_iter': 2000}, {'clf__estimator__C': 0.5, 'clf__estimator__loss': 'squared_hinge', 'clf__estimator__max_iter': 2000}, {'clf__estimator__C': 0.5, 'clf__estimator__loss': 'hinge', 'clf__estimator__max_iter': 2000}]"
RandomForestClassifier_TfidfVectorizer_WE1_VP,"[0.8076190476190476, 0.8033333333333333, 0.8128571428571428, 0.7947619047619048, 0.8152380952380952, 0.8123809523809524, 0.8033333333333333, 0.8214285714285714, 0.8004761904761905, 0.8038095238095239]","[0.8036929057337221, 0.7956457199406235, 0.8072584600294261, 0.7877892663712457, 0.8086785009861933, 0.8039800995024876, 0.7968519429414658, 0.8140803173029252, 0.7939006394490901, 0.7992202729044834]","[0.8686757369614513, 0.8578829931972789, 0.8608426303854876, 0.8655609977324262, 0.8709873015873015, 0.8801614512471656, 0.8703972789115645, 0.8848226757369615, 0.8572285714285713, 0.8641605442176871]","[{'clf__bootstrap': False, 'clf__criterion': 'entropy', 'clf__max_depth': 60, 'clf__n_estimators': 1200}, {'clf__bootstrap': True, 'clf__criterion': 'entropy', 'clf__max_depth': 60, 'clf__n_estimators': 1200}, {'clf__bootstrap': True, 'clf__criterion': 'log_loss', 'clf__max_depth': 60, 'clf__n_estimators': 1200}, {'clf__bootstrap': False, 'clf__criterion': 'entropy', 'clf__max_depth': 40, 'clf__n_estimators': 1200}, {'clf__bootstrap': False, 'clf__criterion': 'log_loss', 'clf__max_depth': None, 'clf__n_estimators': 1200}, {'clf__bootstrap': True, 'clf__criterion': 'entropy', 'clf__max_depth': 60, 'clf__n_estimators': 1000}, {'clf__bootstrap': True, 'clf__criterion': 'entropy', 'clf__max_depth': 60, 'clf__n_estimators': 1200}, {'clf__bootstrap': False, 'clf__criterion': 'log_loss', 'clf__max_depth': None, 'clf__n_estimators': 800}, {'clf__bootstrap': False, 'clf__criterion': 'entropy', 'clf__max_depth': None, 'clf__n_estimators': 1200}, {'clf__bootstrap': False, 'clf__criterion': 'entropy', 'clf__max_depth': 60, 'clf__n_estimators': 1000}]"
RandomForestClassifier_TfidfVectorizer_WE1,"[0.6428571428571429, 0.6442857142857142, 0.6223809523809524, 0.6428571428571429, 0.64, 0.6652380952380952, 0.6338095238095238, 0.650952380952381, 0.6371428571428571, 0.6152380952380953]","[0.6468926553672316, 0.6536856745479833, 0.6309911586784551, 0.6546961325966851, 0.6473880597014925, 0.676186089359742, 0.6457853523721787, 0.6566744730679157, 0.6452513966480447, 0.6210131332082551]","[0.6949215419501134, 0.6955809523809524, 0.6863464852607709, 0.7023392290249434, 0.6982240362811791, 0.7333741496598639, 0.6904743764172335, 0.7081315192743763, 0.6928204081632653, 0.6726566893424036]","[{'clf__bootstrap': False, 'clf__criterion': 'log_loss', 'clf__max_depth': 40, 'clf__n_estimators': 800}, {'clf__bootstrap': True, 'clf__criterion': 'log_loss', 'clf__max_depth': 40, 'clf__n_estimators': 1000}, {'clf__bootstrap': False, 'clf__criterion': 'entropy', 'clf__max_depth': 60, 'clf__n_estimators': 1200}, {'clf__bootstrap': False, 'clf__criterion': 'log_loss', 'clf__max_depth': 60, 'clf__n_estimators': 800}, {'clf__bootstrap': True, 'clf__criterion': 'entropy', 'clf__max_depth': 40, 'clf__n_estimators': 1200}, {'clf__bootstrap': False, 'clf__criterion': 'log_loss', 'clf__max_depth': 40, 'clf__n_estimators': 1000}, {'clf__bootstrap': True, 'clf__criterion': 'entropy', 'clf__max_depth': 60, 'clf__n_estimators': 1200}, {'clf__bootstrap': True, 'clf__criterion': 'entropy', 'clf__max_depth': 40, 'clf__n_estimators': 1200}, {'clf__bootstrap': False, 'clf__criterion': 'log_loss', 'clf__max_depth': None, 'clf__n_estimators': 1200}, {'clf__bootstrap': False, 'clf__criterion': 'entropy', 'clf__max_depth': 20, 'clf__n_estimators': 1000}]"
RandomForestClassifier_TfidfVectorizer_VP,"[0.8061904761904762, 0.8042857142857143, 0.8095238095238095, 0.8019047619047619, 0.8061904761904762, 0.809047619047619, 0.8052380952380952, 0.8195238095238095, 0.7995238095238095, 0.8066666666666666]","[0.7953745600804424, 0.7893388006150692, 0.7987927565392354, 0.7879714576962283, 0.7926642893530311, 0.7940421160760144, 0.7903639159405433, 0.8069281711665818, 0.7855323484462557, 0.7953629032258065]","[0.867392290249433, 0.8549061224489796, 0.8705224489795919, 0.8636063492063492, 0.8717523809523808, 0.8786448979591837, 0.8739492063492064, 0.8892634920634921, 0.8578195011337868, 0.8658394557823129]","[{'clf__bootstrap': False, 'clf__criterion': 'entropy', 'clf__max_depth': 20, 'clf__n_estimators': 800}, {'clf__bootstrap': True, 'clf__criterion': 'entropy', 'clf__max_depth': 20, 'clf__n_estimators': 1000}, {'clf__bootstrap': False, 'clf__criterion': 'log_loss', 'clf__max_depth': 40, 'clf__n_estimators': 1200}, {'clf__bootstrap': False, 'clf__criterion': 'entropy', 'clf__max_depth': 20, 'clf__n_estimators': 1000}, {'clf__bootstrap': True, 'clf__criterion': 'entropy', 'clf__max_depth': 40, 'clf__n_estimators': 1000}, {'clf__bootstrap': True, 'clf__criterion': 'log_loss', 'clf__max_depth': 20, 'clf__n_estimators': 800}, {'clf__bootstrap': True, 'clf__criterion': 'log_loss', 'clf__max_depth': 20, 'clf__n_estimators': 800}, {'clf__bootstrap': False, 'clf__criterion': 'log_loss', 'clf__max_depth': 60, 'clf__n_estimators': 800}, {'clf__bootstrap': True, 'clf__criterion': 'entropy', 'clf__max_depth': 40, 'clf__n_estimators': 1200}, {'clf__bootstrap': True, 'clf__criterion': 'log_loss', 'clf__max_depth': 20, 'clf__n_estimators': 1200}]"
RandomForestClassifier_TfidfVectorizer,"[0.6466666666666666, 0.6552380952380953, 0.6238095238095238, 0.6409523809523809, 0.6490476190476191, 0.6761904761904762, 0.6428571428571429, 0.6542857142857142, 0.6466666666666666, 0.6242857142857143]","[0.6529466791393826, 0.6663594470046083, 0.6382783882783882, 0.6666666666666666, 0.6576869484440316, 0.6860572483841182, 0.6630727762803235, 0.6672777268560953, 0.6564814814814814, 0.636237897648686]","[0.7034530612244898, 0.7126185941043084, 0.6913659863945578, 0.7012507936507937, 0.7180852607709751, 0.7449151927437642, 0.7084145124716553, 0.7164426303854875, 0.7076580498866213, 0.6889895691609977]","[{'clf__bootstrap': False, 'clf__criterion': 'entropy', 'clf__max_depth': 60, 'clf__n_estimators': 1200}, {'clf__bootstrap': False, 'clf__criterion': 'entropy', 'clf__max_depth': 60, 'clf__n_estimators': 1200}, {'clf__bootstrap': True, 'clf__criterion': 'entropy', 'clf__max_depth': 40, 'clf__n_estimators': 1000}, {'clf__bootstrap': True, 'clf__criterion': 'log_loss', 'clf__max_depth': 20, 'clf__n_estimators': 1200}, {'clf__bootstrap': True, 'clf__criterion': 'entropy', 'clf__max_depth': None, 'clf__n_estimators': 800}, {'clf__bootstrap': True, 'clf__criterion': 'entropy', 'clf__max_depth': 60, 'clf__n_estimators': 800}, {'clf__bootstrap': True, 'clf__criterion': 'log_loss', 'clf__max_depth': 40, 'clf__n_estimators': 1000}, {'clf__bootstrap': True, 'clf__criterion': 'log_loss', 'clf__max_depth': 40, 'clf__n_estimators': 1200}, {'clf__bootstrap': False, 'clf__criterion': 'entropy', 'clf__max_depth': 60, 'clf__n_estimators': 800}, {'clf__bootstrap': True, 'clf__criterion': 'log_loss', 'clf__max_depth': 40, 'clf__n_estimators': 1200}]"
RandomForestClassifier_CountVectorizer_WE1_VP,"[0.8057142857142857, 0.7942857142857143, 0.8157142857142857, 0.7919047619047619, 0.8061904761904762, 0.8142857142857143, 0.8, 0.820952380952381, 0.7961904761904762, 0.7995238095238095]","[0.7984189723320159, 0.7865612648221344, 0.8090774543660583, 0.7829110779930452, 0.7984150569588906, 0.8051948051948052, 0.7935103244837758, 0.812375249500998, 0.7876984126984127, 0.7937285644292014]","[0.86081179138322, 0.8549895691609977, 0.8606947845804989, 0.8611464852607709, 0.8706430839002268, 0.873697052154195, 0.867297052154195, 0.8866412698412698, 0.8543977324263038, 0.8607850340136054]","[{'clf__bootstrap': True, 'clf__criterion': 'log_loss', 'clf__max_depth': 60, 'clf__n_estimators': 1200}, {'clf__bootstrap': True, 'clf__criterion': 'log_loss', 'clf__max_depth': 20, 'clf__n_estimators': 1200}, {'clf__bootstrap': True, 'clf__criterion': 'entropy', 'clf__max_depth': None, 'clf__n_estimators': 1000}, {'clf__bootstrap': False, 'clf__criterion': 'entropy', 'clf__max_depth': 40, 'clf__n_estimators': 1000}, {'clf__bootstrap': False, 'clf__criterion': 'entropy', 'clf__max_depth': 40, 'clf__n_estimators': 1000}, {'clf__bootstrap': True, 'clf__criterion': 'entropy', 'clf__max_depth': 60, 'clf__n_estimators': 1200}, {'clf__bootstrap': True, 'clf__criterion': 'entropy', 'clf__max_depth': 40, 'clf__n_estimators': 1200}, {'clf__bootstrap': False, 'clf__criterion': 'entropy', 'clf__max_depth': 60, 'clf__n_estimators': 1000}, {'clf__bootstrap': True, 'clf__criterion': 'entropy', 'clf__max_depth': None, 'clf__n_estimators': 800}, {'clf__bootstrap': True, 'clf__criterion': 'log_loss', 'clf__max_depth': None, 'clf__n_estimators': 1000}]"
RandomForestClassifier_CountVectorizer_WE1,"[0.6385714285714286, 0.6347619047619047, 0.6195238095238095, 0.6352380952380953, 0.6433333333333333, 0.6576190476190477, 0.6233333333333333, 0.6533333333333333, 0.63, 0.6157142857142858]","[0.650713299585826, 0.6540369869192603, 0.6339899221255153, 0.6524500907441017, 0.6540415704387991, 0.6745133544590313, 0.6454504706409682, 0.6675799086757991, 0.65015758667267, 0.630325240494732]","[0.688027664399093, 0.6935768707482993, 0.6713668934240363, 0.6852879818594104, 0.6952689342403628, 0.7198049886621315, 0.6716480725623581, 0.7056888888888888, 0.6764371882086169, 0.6646648526077098]","[{'clf__bootstrap': False, 'clf__criterion': 'log_loss', 'clf__max_depth': None, 'clf__n_estimators': 1200}, {'clf__bootstrap': True, 'clf__criterion': 'log_loss', 'clf__max_depth': None, 'clf__n_estimators': 800}, {'clf__bootstrap': True, 'clf__criterion': 'log_loss', 'clf__max_depth': 60, 'clf__n_estimators': 800}, {'clf__bootstrap': False, 'clf__criterion': 'entropy', 'clf__max_depth': 60, 'clf__n_estimators': 1200}, {'clf__bootstrap': False, 'clf__criterion': 'log_loss', 'clf__max_depth': 40, 'clf__n_estimators': 1200}, {'clf__bootstrap': False, 'clf__criterion': 'log_loss', 'clf__max_depth': None, 'clf__n_estimators': 1200}, {'clf__bootstrap': False, 'clf__criterion': 'log_loss', 'clf__max_depth': 20, 'clf__n_estimators': 800}, {'clf__bootstrap': False, 'clf__criterion': 'log_loss', 'clf__max_depth': 40, 'clf__n_estimators': 1000}, {'clf__bootstrap': False, 'clf__criterion': 'log_loss', 'clf__max_depth': None, 'clf__n_estimators': 800}, {'clf__bootstrap': True, 'clf__criterion': 'entropy', 'clf__max_depth': 60, 'clf__n_estimators': 800}]"
RandomForestClassifier_CountVectorizer_VP,"[0.8042857142857143, 0.7980952380952381, 0.8119047619047619, 0.7985714285714286, 0.8057142857142857, 0.8104761904761905, 0.8014285714285714, 0.810952380952381, 0.8023809523809524, 0.8095238095238095]","[0.7925290257445734, 0.7838939857288482, 0.8018063221274461, 0.7831881086622245, 0.7922606924643585, 0.7977642276422764, 0.785824345146379, 0.7946197620279358, 0.7890188103711235, 0.8005982053838484]","[0.8699990929705216, 0.8599283446712017, 0.8778834467120182, 0.8730993197278911, 0.8682902494331066, 0.8790535147392291, 0.878615873015873, 0.8772861678004535, 0.8631115646258504, 0.8630893424036281]","[{'clf__bootstrap': False, 'clf__criterion': 'log_loss', 'clf__max_depth': 60, 'clf__n_estimators': 1000}, {'clf__bootstrap': True, 'clf__criterion': 'log_loss', 'clf__max_depth': None, 'clf__n_estimators': 1000}, {'clf__bootstrap': False, 'clf__criterion': 'log_loss', 'clf__max_depth': None, 'clf__n_estimators': 1200}, {'clf__bootstrap': False, 'clf__criterion': 'log_loss', 'clf__max_depth': 60, 'clf__n_estimators': 1000}, {'clf__bootstrap': True, 'clf__criterion': 'log_loss', 'clf__max_depth': None, 'clf__n_estimators': 1000}, {'clf__bootstrap': False, 'clf__criterion': 'entropy', 'clf__max_depth': None, 'clf__n_estimators': 800}, {'clf__bootstrap': True, 'clf__criterion': 'log_loss', 'clf__max_depth': 60, 'clf__n_estimators': 1000}, {'clf__bootstrap': False, 'clf__criterion': 'entropy', 'clf__max_depth': 20, 'clf__n_estimators': 800}, {'clf__bootstrap': False, 'clf__criterion': 'log_loss', 'clf__max_depth': None, 'clf__n_estimators': 1200}, {'clf__bootstrap': False, 'clf__criterion': 'entropy', 'clf__max_depth': None, 'clf__n_estimators': 800}]"
RandomForestClassifier_CountVectorizer,"[0.6247619047619047, 0.6466666666666666, 0.6142857142857143, 0.6461904761904762, 0.6585714285714286, 0.6557142857142857, 0.6323809523809524, 0.6419047619047619, 0.6457142857142857, 0.6147619047619047]","[0.6552930883639545, 0.6734154929577465, 0.6481320590790617, 0.643302928468555, 0.6806236080178174, 0.6844172850283718, 0.6655112651646448, 0.6690140845070423, 0.6460513796384396, 0.6386779812416258]","[0.6805124716553288, 0.7107437641723356, 0.682477097505669, 0.7158693877551021, 0.7189714285714285, 0.7360643990929705, 0.6948861678004534, 0.7013197278911565, 0.6952993197278912, 0.6809351473922902]","[{'clf__bootstrap': True, 'clf__criterion': 'log_loss', 'clf__max_depth': 40, 'clf__n_estimators': 800}, {'clf__bootstrap': True, 'clf__criterion': 'log_loss', 'clf__max_depth': 60, 'clf__n_estimators': 800}, {'clf__bootstrap': True, 'clf__criterion': 'entropy', 'clf__max_depth': 40, 'clf__n_estimators': 1200}, {'clf__bootstrap': True, 'clf__criterion': 'entropy', 'clf__max_depth': None, 'clf__n_estimators': 800}, {'clf__bootstrap': True, 'clf__criterion': 'log_loss', 'clf__max_depth': 60, 'clf__n_estimators': 1200}, {'clf__bootstrap': True, 'clf__criterion': 'entropy', 'clf__max_depth': 60, 'clf__n_estimators': 1200}, {'clf__bootstrap': True, 'clf__criterion': 'log_loss', 'clf__max_depth': 60, 'clf__n_estimators': 800}, {'clf__bootstrap': True, 'clf__criterion': 'entropy', 'clf__max_depth': 40, 'clf__n_estimators': 1200}, {'clf__bootstrap': False, 'clf__criterion': 'log_loss', 'clf__max_depth': None, 'clf__n_estimators': 800}, {'clf__bootstrap': True, 'clf__criterion': 'entropy', 'clf__max_depth': 60, 'clf__n_estimators': 1000}]"
CalibratedClassifierCV_TfidfVectorizer_WE2_VP,"[0.7980952380952381, 0.7985714285714286, 0.8014285714285714, 0.7971428571428572, 0.8052380952380952, 0.8042857142857143, 0.8028571428571428, 0.8261904761904761, 0.799047619047619, 0.8057142857142857]","[0.7963496637848223, 0.7939600584510472, 0.8009546539379475, 0.7938044530493708, 0.8025108643167552, 0.7986281234688878, 0.7996127783155856, 0.8223844282238443, 0.7951456310679612, 0.8034682080924855]","[0.8569006802721089, 0.8639682539682538, 0.8624272108843537, 0.856833560090703, 0.866053514739229, 0.8754566893424036, 0.865494784580499, 0.8817070294784579, 0.8499165532879818, 0.8646222222222222]","[{'clf__estimator__C': 1, 'clf__estimator__loss': 'hinge', 'clf__estimator__max_iter': 2000}, {'clf__estimator__C': 1, 'clf__estimator__loss': 'hinge', 'clf__estimator__max_iter': 2000}, {'clf__estimator__C': 0.5, 'clf__estimator__loss': 'squared_hinge', 'clf__estimator__max_iter': 2000}, {'clf__estimator__C': 1, 'clf__estimator__loss': 'hinge', 'clf__estimator__max_iter': 2000}, {'clf__estimator__C': 1, 'clf__estimator__loss': 'hinge', 'clf__estimator__max_iter': 2000}, {'clf__estimator__C': 1, 'clf__estimator__loss': 'hinge', 'clf__estimator__max_iter': 2000}, {'clf__estimator__C': 0.5, 'clf__estimator__loss': 'squared_hinge', 'clf__estimator__max_iter': 2000}, {'clf__estimator__C': 1, 'clf__estimator__loss': 'hinge', 'clf__estimator__max_iter': 2000}, {'clf__estimator__C': 1, 'clf__estimator__loss': 'hinge', 'clf__estimator__max_iter': 2000}, {'clf__estimator__C': 1, 'clf__estimator__loss': 'hinge', 'clf__estimator__max_iter': 2000}]"
CalibratedClassifierCV_TfidfVectorizer_WE2,"[0.6333333333333333, 0.6523809523809524, 0.6309523809523809, 0.6414285714285715, 0.6338095238095238, 0.6638095238095238, 0.6390476190476191, 0.6542857142857142, 0.6304761904761905, 0.628095238095238]","[0.6308724832214765, 0.6614100185528757, 0.6311280342693956, 0.6456470588235295, 0.6381176470588236, 0.6644486692015209, 0.646784715750233, 0.6526315789473685, 0.6377217553688141, 0.6286257727056586]","[0.687265306122449, 0.7043056689342404, 0.6904625850340136, 0.6986866213151928, 0.6920172335600907, 0.7283646258503402, 0.6873859410430838, 0.7048371882086167, 0.6866331065759637, 0.6859238095238095]","[{'clf__estimator__C': 0.5, 'clf__estimator__loss': 'hinge', 'clf__estimator__max_iter': 2000}, {'clf__estimator__C': 1, 'clf__estimator__loss': 'hinge', 'clf__estimator__max_iter': 2000}, {'clf__estimator__C': 0.5, 'clf__estimator__loss': 'hinge', 'clf__estimator__max_iter': 2000}, {'clf__estimator__C': 0.5, 'clf__estimator__loss': 'hinge', 'clf__estimator__max_iter': 2000}, {'clf__estimator__C': 0.5, 'clf__estimator__loss': 'hinge', 'clf__estimator__max_iter': 2000}, {'clf__estimator__C': 0.5, 'clf__estimator__loss': 'hinge', 'clf__estimator__max_iter': 2000}, {'clf__estimator__C': 0.5, 'clf__estimator__loss': 'hinge', 'clf__estimator__max_iter': 2000}, {'clf__estimator__C': 0.5, 'clf__estimator__loss': 'hinge', 'clf__estimator__max_iter': 2000}, {'clf__estimator__C': 0.5, 'clf__estimator__loss': 'hinge', 'clf__estimator__max_iter': 2000}, {'clf__estimator__C': 0.5, 'clf__estimator__loss': 'hinge', 'clf__estimator__max_iter': 2000}]"
CalibratedClassifierCV_CountVectorizer_WE2_VP,"[0.7666666666666667, 0.7795238095238095, 0.81, 0.7704761904761904, 0.7914285714285715, 0.799047619047619, 0.7776190476190477, 0.800952380952381, 0.7742857142857142, 0.7947619047619048]","[0.7662213740458015, 0.7764365041042974, 0.8064046579330422, 0.771780303030303, 0.7879961277831559, 0.7957405614714425, 0.7779362815026153, 0.7958984375, 0.7736389684813754, 0.792289156626506]","[0.8242557823129253, 0.8350421768707482, 0.8561433106575964, 0.8258276643990929, 0.8482603174603174, 0.8522938775510204, 0.8427528344671201, 0.8614512471655329, 0.8251183673469387, 0.8529215419501134]","[{'clf__estimator__C': 0.5, 'clf__estimator__loss': 'squared_hinge', 'clf__estimator__max_iter': 2000}, {'clf__estimator__C': 0.5, 'clf__estimator__loss': 'squared_hinge', 'clf__estimator__max_iter': 2000}, {'clf__estimator__C': 0.5, 'clf__estimator__loss': 'hinge', 'clf__estimator__max_iter': 4000}, {'clf__estimator__C': 0.5, 'clf__estimator__loss': 'squared_hinge', 'clf__estimator__max_iter': 2000}, {'clf__estimator__C': 0.5, 'clf__estimator__loss': 'hinge', 'clf__estimator__max_iter': 4000}, {'clf__estimator__C': 0.5, 'clf__estimator__loss': 'squared_hinge', 'clf__estimator__max_iter': 2000}, {'clf__estimator__C': 0.5, 'clf__estimator__loss': 'squared_hinge', 'clf__estimator__max_iter': 2000}, {'clf__estimator__C': 0.5, 'clf__estimator__loss': 'hinge', 'clf__estimator__max_iter': 2000}, {'clf__estimator__C': 0.5, 'clf__estimator__loss': 'squared_hinge', 'clf__estimator__max_iter': 2000}, {'clf__estimator__C': 0.5, 'clf__estimator__loss': 'hinge', 'clf__estimator__max_iter': 2000}]"
CalibratedClassifierCV_CountVectorizer_WE2,"[0.6090476190476191, 0.6238095238095238, 0.6233333333333333, 0.6223809523809524, 0.63, 0.6357142857142857, 0.6114285714285714, 0.6352380952380953, 0.6090476190476191, 0.6290476190476191]","[0.6266484765802638, 0.6460573476702509, 0.6409441670449387, 0.6350667280257708, 0.6469786460699682, 0.6479521398987574, 0.6402116402116402, 0.6549549549549549, 0.6303466906798739, 0.6441297396071265]","[0.6594358276643991, 0.6779709750566894, 0.6765460317460318, 0.6669514739229025, 0.6677496598639456, 0.6922666666666667, 0.6694131519274377, 0.6693106575963719, 0.6522884353741496, 0.6713242630385486]","[{'clf__estimator__C': 0.5, 'clf__estimator__loss': 'hinge', 'clf__estimator__max_iter': 2000}, {'clf__estimator__C': 0.5, 'clf__estimator__loss': 'squared_hinge', 'clf__estimator__max_iter': 4000}, {'clf__estimator__C': 1, 'clf__estimator__loss': 'hinge', 'clf__estimator__max_iter': 4000}, {'clf__estimator__C': 0.5, 'clf__estimator__loss': 'hinge', 'clf__estimator__max_iter': 2000}, {'clf__estimator__C': 0.5, 'clf__estimator__loss': 'hinge', 'clf__estimator__max_iter': 2000}, {'clf__estimator__C': 0.5, 'clf__estimator__loss': 'hinge', 'clf__estimator__max_iter': 2000}, {'clf__estimator__C': 0.5, 'clf__estimator__loss': 'hinge', 'clf__estimator__max_iter': 2000}, {'clf__estimator__C': 0.5, 'clf__estimator__loss': 'squared_hinge', 'clf__estimator__max_iter': 2000}, {'clf__estimator__C': 0.5, 'clf__estimator__loss': 'squared_hinge', 'clf__estimator__max_iter': 2000}, {'clf__estimator__C': 0.5, 'clf__estimator__loss': 'hinge', 'clf__estimator__max_iter': 2000}]"
RandomForestClassifier_TfidfVectorizer_WE2_VP,"[0.8061904761904762, 0.8038095238095239, 0.8157142857142857, 0.7923809523809524, 0.8142857142857143, 0.8176190476190476, 0.8052380952380952, 0.820952380952381, 0.7933333333333333, 0.8047619047619048]","[0.8013665202537823, 0.7952286282306164, 0.810757946210269, 0.7858546168958742, 0.807502467917078, 0.81123706259241, 0.7980246913580247, 0.8133068520357497, 0.7853610286844708, 0.8009708737864077]","[0.8638866213151927, 0.8623746031746032, 0.8671569160997733, 0.86340589569161, 0.8686684807256235, 0.8789111111111111, 0.8733351473922901, 0.8871356009070295, 0.8524634920634921, 0.8654195011337869]","[{'clf__bootstrap': False, 'clf__criterion': 'entropy', 'clf__max_depth': 20, 'clf__n_estimators': 1000}, {'clf__bootstrap': False, 'clf__criterion': 'log_loss', 'clf__max_depth': 40, 'clf__n_estimators': 1000}, {'clf__bootstrap': False, 'clf__criterion': 'log_loss', 'clf__max_depth': None, 'clf__n_estimators': 1000}, {'clf__bootstrap': False, 'clf__criterion': 'log_loss', 'clf__max_depth': 40, 'clf__n_estimators': 1200}, {'clf__bootstrap': False, 'clf__criterion': 'entropy', 'clf__max_depth': None, 'clf__n_estimators': 1000}, {'clf__bootstrap': True, 'clf__criterion': 'entropy', 'clf__max_depth': None, 'clf__n_estimators': 800}, {'clf__bootstrap': True, 'clf__criterion': 'entropy', 'clf__max_depth': 40, 'clf__n_estimators': 1200}, {'clf__bootstrap': False, 'clf__criterion': 'log_loss', 'clf__max_depth': 40, 'clf__n_estimators': 1000}, {'clf__bootstrap': True, 'clf__criterion': 'entropy', 'clf__max_depth': 60, 'clf__n_estimators': 1200}, {'clf__bootstrap': False, 'clf__criterion': 'log_loss', 'clf__max_depth': None, 'clf__n_estimators': 800}]"
RandomForestClassifier_TfidfVectorizer_WE2,"[0.6457142857142857, 0.6395238095238095, 0.6319047619047619, 0.6419047619047619, 0.6304761904761905, 0.659047619047619, 0.6328571428571429, 0.6523809523809524, 0.6338095238095238, 0.6204761904761905]","[0.6529850746268657, 0.6496992133271634, 0.6429561200923788, 0.6559926806953339, 0.6427255985267035, 0.6724611161939615, 0.6445366528354081, 0.6623496762257169, 0.6444752658344891, 0.6287843502561714]","[0.6906839002267574, 0.7056780045351474, 0.6890312925170068, 0.6991891156462585, 0.6948190476190476, 0.7202140589569161, 0.701902947845805, 0.7174195011337868, 0.6922195011337868, 0.6771192743764172]","[{'clf__bootstrap': True, 'clf__criterion': 'log_loss', 'clf__max_depth': None, 'clf__n_estimators': 1200}, {'clf__bootstrap': True, 'clf__criterion': 'entropy', 'clf__max_depth': 60, 'clf__n_estimators': 800}, {'clf__bootstrap': False, 'clf__criterion': 'entropy', 'clf__max_depth': None, 'clf__n_estimators': 800}, {'clf__bootstrap': True, 'clf__criterion': 'log_loss', 'clf__max_depth': 60, 'clf__n_estimators': 1000}, {'clf__bootstrap': False, 'clf__criterion': 'entropy', 'clf__max_depth': 20, 'clf__n_estimators': 800}, {'clf__bootstrap': True, 'clf__criterion': 'log_loss', 'clf__max_depth': 20, 'clf__n_estimators': 800}, {'clf__bootstrap': False, 'clf__criterion': 'entropy', 'clf__max_depth': 60, 'clf__n_estimators': 1200}, {'clf__bootstrap': False, 'clf__criterion': 'log_loss', 'clf__max_depth': 60, 'clf__n_estimators': 1200}, {'clf__bootstrap': False, 'clf__criterion': 'log_loss', 'clf__max_depth': 60, 'clf__n_estimators': 800}, {'clf__bootstrap': True, 'clf__criterion': 'log_loss', 'clf__max_depth': 60, 'clf__n_estimators': 800}]"
RandomForestClassifier_CountVectorizer_WE2_VP,"[0.8023809523809524, 0.8028571428571428, 0.8104761904761905, 0.7933333333333333, 0.8085714285714286, 0.8180952380952381, 0.8023809523809524, 0.8238095238095238, 0.7933333333333333, 0.799047619047619]","[0.7958681751106739, 0.793, 0.8041338582677166, 0.7845084409136047, 0.800990099009901, 0.809, 0.7948591201186357, 0.815, 0.783, 0.7931372549019607]","[0.8591473922902494, 0.864659410430839, 0.866087074829932, 0.8612816326530613, 0.8649188208616779, 0.8764036281179138, 0.8701333333333333, 0.8895882086167801, 0.851481179138322, 0.8624208616780045]","[{'clf__bootstrap': True, 'clf__criterion': 'entropy', 'clf__max_depth': 60, 'clf__n_estimators': 1000}, {'clf__bootstrap': False, 'clf__criterion': 'log_loss', 'clf__max_depth': 60, 'clf__n_estimators': 800}, {'clf__bootstrap': False, 'clf__criterion': 'log_loss', 'clf__max_depth': None, 'clf__n_estimators': 1200}, {'clf__bootstrap': True, 'clf__criterion': 'log_loss', 'clf__max_depth': 40, 'clf__n_estimators': 1200}, {'clf__bootstrap': True, 'clf__criterion': 'entropy', 'clf__max_depth': 40, 'clf__n_estimators': 800}, {'clf__bootstrap': False, 'clf__criterion': 'entropy', 'clf__max_depth': 40, 'clf__n_estimators': 1000}, {'clf__bootstrap': True, 'clf__criterion': 'log_loss', 'clf__max_depth': 40, 'clf__n_estimators': 1000}, {'clf__bootstrap': False, 'clf__criterion': 'log_loss', 'clf__max_depth': None, 'clf__n_estimators': 1200}, {'clf__bootstrap': True, 'clf__criterion': 'entropy', 'clf__max_depth': None, 'clf__n_estimators': 1200}, {'clf__bootstrap': False, 'clf__criterion': 'entropy', 'clf__max_depth': 40, 'clf__n_estimators': 800}]"
RandomForestClassifier_CountVectorizer_WE2,"[0.6295238095238095, 0.6409523809523809, 0.6157142857142858, 0.6252380952380953, 0.6290476190476191, 0.6552380952380953, 0.6352380952380953, 0.6452380952380953, 0.6242857142857143, 0.611904761904762]","[0.6440988106129918, 0.6603603603603604, 0.6320109439124487, 0.6408032861706983, 0.6473517428700769, 0.6735798016230838, 0.655884995507637, 0.6596619460941069, 0.6434704021690013, 0.6273433927754916]","[0.6816108843537414, 0.6977133786848072, 0.6715900226757369, 0.6854648526077097, 0.6841714285714287, 0.7116507936507936, 0.688843537414966, 0.7080172335600907, 0.6763011337868481, 0.6655673469387755]","[{'clf__bootstrap': True, 'clf__criterion': 'log_loss', 'clf__max_depth': None, 'clf__n_estimators': 800}, {'clf__bootstrap': True, 'clf__criterion': 'entropy', 'clf__max_depth': 60, 'clf__n_estimators': 800}, {'clf__bootstrap': True, 'clf__criterion': 'entropy', 'clf__max_depth': 60, 'clf__n_estimators': 1000}, {'clf__bootstrap': False, 'clf__criterion': 'entropy', 'clf__max_depth': None, 'clf__n_estimators': 800}, {'clf__bootstrap': True, 'clf__criterion': 'log_loss', 'clf__max_depth': 60, 'clf__n_estimators': 1000}, {'clf__bootstrap': True, 'clf__criterion': 'entropy', 'clf__max_depth': 60, 'clf__n_estimators': 1000}, {'clf__bootstrap': False, 'clf__criterion': 'log_loss', 'clf__max_depth': 60, 'clf__n_estimators': 800}, {'clf__bootstrap': False, 'clf__criterion': 'log_loss', 'clf__max_depth': 60, 'clf__n_estimators': 1000}, {'clf__bootstrap': False, 'clf__criterion': 'log_loss', 'clf__max_depth': 60, 'clf__n_estimators': 1200}, {'clf__bootstrap': True, 'clf__criterion': 'entropy', 'clf__max_depth': 60, 'clf__n_estimators': 1200}]"
